address_id,customer_id,street,city,state,zipcode
1,1,02782 Reed Burg,Ruizstad,Washington,51638
2,2,0540 Callahan Vista,South Justinton,California,37160
3,3,560 Scott Lodge Suite 634,East Charlesport,Tennessee,67958
4,4,661 Julie Freeway Suite 354,Port Kevin,Texas,50397
5,5,305 Strickland Dale,Martinezview,Michigan,05796
6,6,7299 Collins Corners,New Loganborough,Illinois,65776
7,7,923 Armstrong Burg,Davidport,Minnesota,99667
8,8,47178 Webster Spring Apt. 259,Port Danieltown,Missouri,99164
9,9,64642 Julie Haven,East Ericville,Nevada,82998
10,10,20190 Anderson Cliff,Samanthatown,Connecticut,11622
11,11,152 Evans Field,Pittmanland,Michigan,51103
12,12,754 Megan Club Suite 308,North Arthur,California,12203
13,13,82826 Bradley Neck Suite 931,Lisaborough,Vermont,90521
14,14,8981 Gary Lights Apt. 464,Mauriceland,North Carolina,69466
15,15,1987 Cooper Rue Suite 117,Lake Tonymouth,Alaska,79661
16,16,090 Andrews Stream Suite 133,West Seanfort,Mississippi,08073
17,17,7215 Moore Summit,North Theresa,Washington,68827
18,18,6483 Candace Loaf Apt. 017,North Megan,Connecticut,27317
19,19,90072 Crystal Way,West Gordon,Ohio,78916
20,20,503 Juarez Rapid,Michealberg,Hawaii,17826
21,21,439 Melissa Plaza Apt. 732,Darlenefort,Florida,41261
22,22,2617 Conley Shoals Apt. 173,Moorehaven,Vermont,85060
23,23,894 Shepard Curve,Williamsview,North Dakota,19869
24,24,45273 Barton Turnpike,Wilsonside,South Carolina,14519
25,25,45639 Williams Trail,Jenniferstad,Michigan,56290
26,26,1220 Raymond Spring,Jeffreychester,Delaware,13334
27,27,3292 Richard Port Apt. 931,Ashleystad,Idaho,19095
28,28,181 Rodriguez Via,Jacobsonview,Alabama,34951
29,29,43043 Adkins Meadows Apt. 516,Port Autumnstad,Wisconsin,85078
30,30,38944 Matthew Plain Suite 446,New Jenniferburgh,Utah,32969
31,31,4635 Martinez Dam,Allisonbury,Vermont,15057
32,32,3582 King Forges Apt. 125,Atkinsfort,North Dakota,93946
33,33,0965 Teresa Square,Staceyhaven,Alaska,54762
34,34,6485 Smith Fort,North Catherine,South Dakota,89070
35,35,842 Deborah Street Suite 101,Lake Teresa,Arizona,48064
36,36,130 Moody Locks Suite 435,South Amber,Hawaii,24739
37,37,3581 Deanna Curve Suite 957,Lake Gregoryton,Delaware,48957
38,38,239 Theresa Mountain,Brandonland,West Virginia,14081
39,39,591 Holly Brooks,South Michaelland,California,21880
40,40,6871 Mills Bridge Suite 608,Adamside,West Virginia,13490
41,41,112 Renee Mall Suite 074,Port John,Louisiana,96939
42,42,769 Day Parkway Apt. 684,Amandaview,North Dakota,23217
43,43,2282 Raymond Village Apt. 166,Garciaburgh,Georgia,42039
44,44,50053 Michael Falls Apt. 571,Dawnbury,New Hampshire,22897
45,45,8426 Tiffany Prairie,Bankshaven,South Carolina,51121
46,46,77587 Sherry Circle Apt. 911,Lake Mark,Montana,66699
47,47,44519 Brandon Vista,Bensonshire,Alabama,99791
48,48,07314 Douglas Well Suite 591,West Marilyn,New Hampshire,51839
49,49,30895 Christy Plaza Apt. 902,North Russellchester,Nevada,82744
50,50,64957 Adams Junction Suite 894,Salazarmouth,Arizona,78008
51,51,5220 Megan Lake,North Joannaside,Alaska,78236
52,52,91415 Alexander Prairie Apt. 842,Stephenchester,New York,66228
53,53,44094 Robin Islands,Port Alexis,Montana,77120
54,54,188 Carney Flats Apt. 334,North Daniel,South Carolina,50664
55,55,628 Michael Rest Suite 473,Austinmouth,New Hampshire,65747
56,56,870 Watson Brooks Suite 339,Jillhaven,North Dakota,45451
57,57,4309 Smith Loaf Suite 723,Hutchinsontown,Ohio,01119
58,58,8334 Elizabeth Rue,Smithberg,Louisiana,18861
59,59,11904 Morris Ranch Apt. 937,East Connie,Virginia,54192
60,60,685 Anderson Divide,Brownland,North Dakota,04342
61,61,039 Ochoa Spring,Clarkburgh,Rhode Island,74476
62,62,74743 Allen Ramp,Simpsontown,Arkansas,28627
63,63,88313 Aimee Avenue Suite 787,New Sandra,Georgia,31887
64,64,3340 Rachel Center Apt. 735,New Nancy,Ohio,47993
65,65,5592 Young Point Suite 847,Ibarraville,Indiana,40413
66,66,222 Olsen Loop,Martinville,Wyoming,95578
67,67,5496 Leah Land,Port Theresastad,Massachusetts,33740
68,68,239 Scott Ford Apt. 593,Austinland,Idaho,36535
69,69,199 Johnson Bridge,North Danielborough,Rhode Island,66572
70,70,052 Peters Meadows,Mcdonaldton,Missouri,12179
71,71,525 Holden Lodge Suite 178,Lake Frankton,Louisiana,57633
72,72,374 Taylor Unions Suite 357,East Brianstad,Hawaii,93058
73,73,181 Long Street,New Gregory,Maryland,58625
74,74,1173 Stephen Turnpike,Humphreyside,New Mexico,55790
75,75,074 James Burg,West Justinborough,Wyoming,71816
76,76,14295 Michelle Island,Palmerhaven,Idaho,59909
77,77,7018 Hamilton Meadows Suite 974,North Brianshire,Colorado,48055
78,78,87777 Nichols Summit,Robinfort,North Dakota,17096
79,79,8804 Lauren Manors Apt. 021,New Daniel,Massachusetts,69362
80,80,4290 Hill Shoals Apt. 286,New Vincentville,Illinois,23031
81,81,31935 Lee Stream,Hunterland,Pennsylvania,34063
82,82,49732 Mason Lake Apt. 237,Glennburgh,Vermont,32926
83,83,260 Laura Fall Suite 910,West Charlestown,Kentucky,86653
84,84,9865 Kaitlyn Canyon Suite 350,South Shawn,Florida,01544
85,85,876 Julia Turnpike Apt. 767,South Kaitlyn,Minnesota,07153
86,86,4106 Roy Prairie Suite 878,Vangstad,Pennsylvania,51605
87,87,77652 David Fields Apt. 492,West Denise,Oregon,81365
88,88,591 Jason Ferry,North Kyletown,Montana,98847
89,89,89666 Summer Squares,Vasquezborough,Louisiana,89738
90,90,30196 Reeves Pines,Anthonyton,Texas,58545
91,91,2248 Melinda Ways,West Lisa,New York,55834
92,92,6718 House Ports,Port Carolyn,Texas,85974
93,93,8853 Franklin Walks,Adamston,Maine,45955
94,94,4423 Greene Loop,New Melissaside,Nevada,71614
95,95,4050 Meyer Radial Suite 652,Lake Rachel,Wyoming,46340
96,96,35456 Mccormick Unions Suite 517,North Andrewfurt,Virginia,75791
97,97,74343 Charles Mission,Lake Geoffrey,New Jersey,51615
98,98,9952 Mclean Haven Suite 738,New Jenniferfurt,Connecticut,16559
99,99,40716 John Place,New Jeremy,California,26717
100,100,295 Tyler Meadows Suite 936,Robertchester,New Hampshire,19772
101,101,4777 Baker Square,Brandonburgh,Utah,51193
102,102,2178 Curtis Court,South Timothy,West Virginia,07841
103,103,68744 Connie Lodge,North Heidi,Georgia,15011
104,104,37436 Joann Flat,East Angela,Virginia,90030
105,105,195 Williams Parkway,East Kenneth,South Carolina,27678
106,106,1879 Hernandez Fort Apt. 217,South Ashleyburgh,Tennessee,38674
107,107,9109 Payne Ferry,West Sherryburgh,Oklahoma,38651
108,108,16438 Thompson Radial Suite 712,Taylorland,Oklahoma,70854
109,109,04641 Kelly Crossing,Nielsenshire,Georgia,26145
110,110,43328 Dunn Gardens,Lake Christina,Arizona,50379
111,111,748 Sean Well,Harrisonmouth,Mississippi,31405
112,112,5633 Ann Loaf Suite 301,South Chris,Massachusetts,87300
113,113,959 Rodriguez River,Port Matthewmouth,Hawaii,63966
114,114,9665 Jacqueline Lodge,New Andrew,Connecticut,21877
115,115,79249 Jeffery Lock Apt. 837,East Jamie,Alaska,42488
116,116,12389 William Drives Suite 657,Lake Nicholastown,Idaho,90489
117,117,054 Yvette Harbors,Lake Heather,Georgia,46206
118,118,69960 Wendy Falls,Angelamouth,Rhode Island,15565
119,119,44687 Leslie Alley,North Lesliefort,Rhode Island,00537
120,120,961 Henry Forks,Martinchester,Illinois,22642
121,121,200 Stephanie Roads Apt. 473,Morrisonchester,Alaska,78157
122,122,76684 Johnson Club Suite 088,Scottville,North Dakota,47887
123,123,730 Johnson Shoal Apt. 429,Lopezborough,Arizona,17244
124,124,6843 Mayo Place Suite 654,Laurenburgh,Idaho,60781
125,125,528 Lee Drive Apt. 989,Carpenterton,North Dakota,35141
126,126,6366 Ruben Village,West Sherylhaven,Nebraska,61270
127,127,1361 Owens Valley Suite 316,Lisashire,Virginia,79600
128,128,10557 Graves Run,Port Waynestad,Maryland,14496
129,129,7369 Melissa Fork Apt. 718,Maldonadomouth,Florida,01434
130,130,841 Kelly Highway Suite 317,West Tanyaberg,North Carolina,40697
131,131,3607 Rogers Ferry,Melaniehaven,Tennessee,66064
132,132,378 Dixon Pine,Moranview,Minnesota,15245
133,133,8128 Brooks Run Apt. 895,Beckland,Wyoming,95106
134,134,068 Wright Throughway Apt. 796,East Tonyfort,Missouri,09531
135,135,08585 Thomas Square Apt. 127,Brownton,Minnesota,25852
136,136,9744 Benjamin Trace Suite 815,Christinafort,Wisconsin,50947
137,137,25831 Rowland Run,Rodriguezhaven,Oklahoma,05853
138,138,9190 Bartlett Islands Suite 535,Lake Thomas,Washington,19381
139,139,525 Jason Shoal Apt. 280,West Joseview,Iowa,49575
140,140,94590 Sharon Garden,Dunlapstad,Massachusetts,84927
141,141,51868 Carol Plaza,West Curtis,Missouri,29001
142,142,98234 Smith Row Apt. 840,Chamberstown,New Jersey,32921
143,143,4219 William Street Suite 027,Deniseburgh,Florida,04132
144,144,681 Sandoval Harbor Apt. 000,Ashleyton,Oregon,41370
145,145,436 Richards Ports Suite 034,Owensside,Rhode Island,32898
146,146,9309 Matthew Center,Nguyenview,Hawaii,53408
147,147,26362 Braun Tunnel Suite 067,Taylorhaven,Maryland,79349
148,148,385 Smith Estate Apt. 744,Andresville,Florida,48090
149,149,1815 Mays Brooks Suite 695,North Jasonmouth,Indiana,21885
150,150,09286 Smith Bypass Suite 702,East Natalie,California,46287
151,151,402 Howard Turnpike,West Jamesland,Massachusetts,18976
152,152,8046 Adam Mountain Apt. 076,Brownmouth,Connecticut,67431
153,153,01171 Megan Park Suite 497,Bishopstad,New Mexico,69210
154,154,8499 Brandon Shoals Suite 272,Chaseshire,Maine,36537
155,155,782 Tanya Ways Suite 075,East Ritamouth,Delaware,86472
156,156,326 Jack Spur Apt. 152,Victorstad,Washington,27817
157,157,95415 Stephen Lake Apt. 003,Torresside,Colorado,38457
158,158,52885 Elizabeth Locks,Thomasport,Mississippi,05234
159,159,471 Pennington Unions Apt. 845,Shaffershire,Maine,34097
160,160,8771 Lambert Plains,Doyleborough,Hawaii,95369
161,161,5431 Rojas Knoll,Smithside,Connecticut,81565
162,162,66911 Avila Manor Suite 202,South Steve,Michigan,89935
163,163,18859 Michael Valley,Katherineburgh,Vermont,02658
164,164,433 Barbara Forges,Liuberg,Hawaii,49310
165,165,068 Schmidt Fork,Flemingmouth,Idaho,54386
166,166,73772 Ferguson Burgs Apt. 827,Port Brianton,Idaho,00726
167,167,2137 Buchanan Ridge Suite 027,Maryshire,Idaho,86927
168,168,5371 Thompson Ports,Port Nancy,Illinois,50133
169,169,48508 Herring Ridge Apt. 053,North Jennifer,Georgia,45192
170,170,2793 William Light Suite 115,Stephentown,Florida,06854
171,171,183 Nicholas Bridge,Lake Thomas,Louisiana,47557
172,172,398 Villarreal Ford Apt. 284,Carrollfurt,New Jersey,89227
173,173,95652 Nichols Field Suite 312,New Phillipland,Maine,04610
174,174,12992 Janet Square,Heathermouth,Louisiana,14064
175,175,23887 Jennifer Bypass Suite 288,Allenmouth,Rhode Island,26576
176,176,62366 Shaun Rue Apt. 085,Tracybury,Florida,81827
177,177,28735 Mora Greens Apt. 880,Danielfort,Kansas,11779
178,178,50968 Tina Springs Apt. 203,North Brandon,New Jersey,91396
179,179,323 Singh Ridges,Mitchellstad,Utah,06022
180,180,0870 Douglas Crest,Jesseberg,North Dakota,76144
181,181,930 Garza Pike,Debbieborough,Oregon,86505
182,182,22565 Bobby Canyon,Kathrynbury,Michigan,44129
183,183,6961 Robert Drive,Port Dennis,New Hampshire,45471
184,184,25744 Cain Plains,New Robert,New York,87247
185,185,6426 Michael Avenue Suite 621,Lake Miranda,Colorado,73285
186,186,295 Matthews Prairie Apt. 980,Powerstown,Ohio,06593
187,187,841 Patricia Walks Suite 132,Clarkburgh,Rhode Island,09061
188,188,9053 Andrew Inlet Apt. 935,Kristinview,Vermont,65022
189,189,5093 Paula Dam Apt. 406,North Kiaramouth,Colorado,21711
190,190,44611 Martin Islands,Port Sarahchester,Colorado,35356
191,191,1530 Castro Square Apt. 771,North Justinland,Alaska,98844
192,192,1474 Edward Trace Apt. 724,Frymouth,New Hampshire,19510
193,193,515 Matthew Center,Port Markburgh,Montana,76714
194,194,137 Michael Canyon,New Annettefort,South Carolina,89612
195,195,17218 Hill Via Suite 215,East Lisa,Georgia,47578
196,196,8587 Moore Glens Apt. 155,Paynemouth,Oklahoma,53083
197,197,31787 Rollins Course Apt. 827,New Edwardton,Indiana,69553
198,198,75540 Murray Estates Apt. 447,North Mary,Alabama,43060
199,199,9434 Michelle Stream,Jaredton,Arkansas,81882
200,200,8562 Pham Fall Apt. 575,Hilltown,Alabama,38124
201,201,0891 Jonathan Via Apt. 589,New Wayne,Michigan,94267
202,202,8717 Lewis River Suite 463,Jessicastad,Wyoming,96195
203,203,6091 Matthews Summit,Cochranland,Kentucky,77958
204,204,055 Erin Ways Suite 407,North Coreyland,Arizona,65187
205,205,5028 Denise Knolls Apt. 385,South Christine,North Dakota,23995
206,206,838 Scott Oval Apt. 241,Galvanbury,Idaho,34762
207,207,67280 Huff Passage,North Melindaton,North Dakota,87819
208,208,5493 Hoffman Coves,South Brittney,South Carolina,93607
209,209,37136 Crawford Camp Apt. 193,East Adrian,Nevada,65897
210,210,46016 Amanda Ports Suite 636,Brownborough,West Virginia,42794
211,211,818 Amy Highway,Port Jacqueline,South Carolina,07664
212,212,8113 James Pike,Stewartmouth,Florida,34148
213,213,43842 Mario Roads Apt. 399,Aguilarbury,Delaware,62433
214,214,50612 Wang Loaf,Carlsonview,Nebraska,27035
215,215,95871 Stacy Pine,South Alan,Vermont,54120
216,216,25295 Stacey Village,South Michael,Wisconsin,98637
217,217,940 David Ford,New Allison,Tennessee,66008
218,218,6495 Chapman Fields Suite 033,Hernandezport,Alabama,76109
219,219,3765 Ryan Estate Suite 704,North Cassidystad,Nevada,06948
220,220,0002 Andrews Grove,West Julieborough,Kansas,80350
221,221,4973 Shannon Meadow Suite 457,Sandrafort,New York,91152
222,222,8702 Mclaughlin Curve,East Eric,Indiana,97700
223,223,8759 Santiago Circle Suite 562,Patriciachester,Idaho,75651
224,224,106 Laura Hill Apt. 236,East Tiffany,North Dakota,28011
225,225,6426 Breanna Locks,North Gloriaborough,Massachusetts,27577
226,226,362 Paul Rest,Patrickborough,Colorado,18835
227,227,983 Osborne Branch,New Cynthia,Florida,45159
228,228,123 Richardson Unions Apt. 294,North Angelaton,Vermont,40646
229,229,45817 Henson Fields,Ryanland,Mississippi,58646
230,230,3717 Thomas Locks,Campbellstad,Connecticut,34573
231,231,673 Tyler Brook Apt. 215,Marcport,Idaho,44677
232,232,69217 Weaver Valley,Dennishaven,Ohio,51530
233,233,5651 Jim Rest,East Toddmouth,New Hampshire,00529
234,234,51271 Michelle Mount,East Bradleyport,Montana,63635
235,235,9839 Elliott Row,Baileyland,Alaska,76541
236,236,7251 Miles Fall Apt. 274,New Sabrinaport,Ohio,15733
237,237,387 Reynolds Plains,New Deborahville,Idaho,93616
238,238,79115 Navarro Keys Suite 402,Lake Thomasside,Maryland,85239
239,239,6539 Barry Prairie,North Robertville,Wisconsin,85499
240,240,4473 Kidd Inlet Apt. 800,South Douglas,South Dakota,12121
241,241,63472 Johnson Park,Michaelberg,South Carolina,87689
242,242,2434 Smith Prairie,South Tommy,Massachusetts,91205
243,243,893 Laurie Port,New Lucasville,Illinois,24594
244,244,2963 Sanders Lake Suite 080,Leviport,Nevada,33202
245,245,238 Rodriguez Stravenue,Port Joshua,Connecticut,92756
246,246,33816 Crawford Lake,Port Michelleland,Utah,50286
247,247,235 William Wall Suite 260,East Jenna,Georgia,34985
248,248,7540 Sarah Burg,Jonesshire,Delaware,52941
249,249,92036 Watson Squares,East Rodneyland,Iowa,93066
250,250,83984 Fry Ports,Lake Christinehaven,California,32393
251,251,02250 Alisha Skyway Apt. 478,Baileyhaven,South Carolina,54023
252,252,3235 Kaylee Cliffs Suite 659,Kevinville,Minnesota,32813
253,253,6551 Heidi Ways Apt. 893,Port Ryanland,Texas,75556
254,254,080 Smith Pass,South Evanport,Delaware,22537
255,255,9289 Rodney Summit Apt. 952,Andrewville,Pennsylvania,33793
256,256,894 Small Spring,Coreytown,Kentucky,88904
257,257,83506 Green Curve Suite 720,New Tony,Massachusetts,15777
258,258,90013 Jason Brook Suite 593,Oliviaton,Delaware,55230
259,259,856 Cox Points,West Thomas,Maine,01197
260,260,7490 Beth Turnpike,New Natalie,Alabama,83674
261,261,7748 Lee Stravenue Suite 870,Rogersmouth,Arizona,46124
262,262,4671 Martinez Trafficway,New Troy,Colorado,49194
263,263,667 Rich Isle Apt. 352,Davidstad,Missouri,41755
264,264,2800 Rachel Garden Apt. 167,Shaunfurt,Texas,01984
265,265,927 Adam Falls,Port Eugene,Arizona,02569
266,266,6759 Vanessa Islands,Jonesmouth,Alabama,12704
267,267,5330 Michael Inlet,Briggschester,Idaho,02827
268,268,679 Donald Dam Apt. 417,Shauntown,Maryland,16962
269,269,0386 Rivers Field,Lake Michaelville,New York,04406
270,270,513 Bryan Land Suite 968,New Melissa,Idaho,92201
271,271,668 Berry Stream,Pollardside,Georgia,41172
272,272,6375 Cory Groves,East Charles,Rhode Island,67470
273,273,5970 Burgess Heights,East Ericaborough,South Dakota,77548
274,274,7260 James Squares Apt. 362,Cindybury,Oklahoma,28826
275,275,0834 Jamie Garden,Victoriaville,Kansas,76209
276,276,43250 Gray Walk,North Miguelburgh,Hawaii,03294
277,277,46564 Young Valley,Port Elizabeth,New Jersey,28116
278,278,31275 Peterson Route Apt. 597,Lake Donaldburgh,Idaho,25243
279,279,36365 Leon Port,New Ritahaven,Texas,62616
280,280,664 Powers Highway,Mollyland,Massachusetts,04747
281,281,631 Berry Neck Apt. 483,Cunninghamstad,Alaska,34120
282,282,71429 Lee Rue,Turnerton,Georgia,84755
283,283,9721 King Common,West Kristenmouth,Kansas,81702
284,284,953 Zuniga Harbor,Smithburgh,Kansas,51683
285,285,6250 Goodwin Ports Suite 449,Heatherhaven,Rhode Island,51348
286,286,3493 Kelly Wells Suite 808,South Alexanderfort,Massachusetts,46008
287,287,1147 Adam Lane,South Kristenfurt,Oregon,44280
288,288,264 Frazier Shore Suite 356,Laurieberg,Hawaii,29935
289,289,73193 Gary Via Apt. 994,Masonchester,Louisiana,98148
290,290,86680 Bell Inlet,Thomasville,West Virginia,31426
291,291,982 Alexander Fort,Lake Maryville,Arizona,05569
292,292,6060 Weber Walk,Port Markville,South Dakota,21864
293,293,785 Hall Club Apt. 434,East Brittanyhaven,Connecticut,91706
294,294,79720 Brown Pine,Michaelville,North Carolina,14125
295,295,48648 Davis Prairie Suite 491,West Jasmineport,Mississippi,39361
296,296,6049 Michael Shore Apt. 576,Friedmanchester,Vermont,48008
297,297,630 Acevedo Place Suite 462,Jessehaven,Alabama,37563
298,298,12461 George Wells Suite 471,Markmouth,Alaska,81028
299,299,13982 Kathleen Forge,Port Thomas,Louisiana,12337
300,300,77613 Angela Ports Apt. 468,South Lori,Mississippi,37552
301,301,097 Valdez Keys,Sheltonside,Kansas,48163
302,302,16543 Brown Curve,New Jameschester,Rhode Island,28615
303,303,687 Anderson Mount Apt. 643,Coffeyview,Tennessee,12139
304,304,905 Ryan Trafficway,West Madison,Georgia,72919
305,305,89854 Kristin Burg,Port Laura,Colorado,65201
306,306,95243 Laura Ports Apt. 879,North Andrea,New Mexico,37836
307,307,89035 Wade Prairie,Lake Aaron,California,94775
308,308,87218 Justin Creek Apt. 436,Lake Thomas,Arkansas,58312
309,309,83519 Veronica Forges Apt. 339,South Justin,Vermont,90819
310,310,09387 Coleman Villages Suite 130,North Amanda,North Dakota,71316
311,311,660 Williams Islands,Lake Marisa,Minnesota,76938
312,312,81793 Galloway Mount,Lake Leeshire,Arizona,69740
313,313,385 Olson Tunnel,Port Brendaburgh,Delaware,31520
314,314,32528 Catherine Crossing,Matthewville,Pennsylvania,91239
315,315,731 Anna Camp Apt. 994,New Alexis,Louisiana,79453
316,316,051 Susan Hill,Sosafort,Massachusetts,24053
317,317,47235 Olson Via Apt. 675,South Wyatt,Rhode Island,05393
318,318,1192 Michael Trail Suite 427,Port Christopher,Florida,15011
319,319,1080 Stephen Walk,East Edwardfurt,Missouri,50220
320,320,73914 Solomon Burgs,Solisside,Minnesota,58489
321,321,033 Cole Walks,Perezhaven,Hawaii,07963
322,322,3969 Pierce Fields Suite 055,Hunterberg,North Carolina,09286
323,323,78979 Derek Cliffs,Lake Sierramouth,Colorado,32837
324,324,998 Brown Hill Apt. 407,Velasquezborough,New Jersey,49865
325,325,8713 Duncan Tunnel,Hughesberg,New Mexico,96049
326,326,7540 Michelle Passage,North Curtisfort,Idaho,46489
327,327,7267 Kimberly Fords Suite 407,West Whitney,Nevada,83593
328,328,670 Morse Junction,North Derekhaven,Hawaii,44165
329,329,3416 Perez Loop Apt. 710,Copelandberg,Rhode Island,21800
330,330,347 Olson Glen,Barberview,Nevada,98543
331,331,144 Brenda Court,East Caitlin,Minnesota,48963
332,332,83471 Ware Lock,Weberland,New Hampshire,27183
333,333,10656 Patricia Mission Apt. 973,Bakermouth,North Carolina,02961
334,334,3665 Miller Knolls Apt. 224,West Jeremyshire,Illinois,24397
335,335,4814 Lisa Greens Apt. 289,Robertville,Oregon,95974
336,336,51722 Meyer Junctions,West Darrellview,Virginia,39016
337,337,260 Julie Common Apt. 144,West Williamberg,Colorado,25215
338,338,104 Clark Stravenue,Michaelbury,Missouri,26548
339,339,2254 Bridges Camp,North Brianna,Delaware,11503
340,340,549 Kevin Shore,North Karenside,Utah,26192
341,341,551 Bradshaw Harbors Apt. 597,Harveychester,Nebraska,63749
342,342,65473 Mary Club,Lawrenceport,Montana,13665
343,343,60714 Jamie Street Suite 827,East Jordan,Vermont,93235
344,344,0823 Jones Well,Port Robinbury,Vermont,28091
345,345,870 Mendez Streets,Kevinport,Oklahoma,26339
346,346,77236 Anthony Pine,Port John,Massachusetts,96717
347,347,8770 Andrews Inlet,Rodriguezshire,Hawaii,47694
348,348,9169 Rivera Dale,New Jeremyfurt,West Virginia,27089
349,349,61688 Arnold Road,Lake Christiantown,Montana,93256
350,350,018 Spears Rapids,Robertstown,Wyoming,61851
351,351,6830 Compton Tunnel,West Edwardchester,Vermont,70182
352,352,9654 Aguilar Shoal,Kennethside,Wisconsin,94925
353,353,238 Baker Shoal,Pittmanfurt,Wisconsin,34738
354,354,4048 Jackson Station,Ashleymouth,Wisconsin,63637
355,355,587 Amanda Motorway,Lake Michaelton,Wisconsin,89831
356,356,353 Welch Villages Suite 003,Greenbury,Wisconsin,81529
357,357,004 Rojas Station,Guerrerochester,Illinois,24627
358,358,946 Donna Coves,New Craig,Utah,29813
359,359,20590 Fisher Spurs Suite 596,Aliciaberg,Texas,11374
360,360,3955 Bird Isle,East Meganmouth,New Mexico,58910
361,361,95217 Smith Causeway Apt. 909,Jacquelinestad,Hawaii,89485
362,362,264 Baker Valley Suite 426,West Jillian,Alabama,13482
363,363,8142 Vanessa Manors Suite 854,Schneidermouth,Maryland,27379
364,364,239 Juan Flat Suite 318,Townsendchester,Wisconsin,27106
365,365,8632 Simon Throughway Suite 067,Lake April,Oregon,05394
366,366,7735 Kimberly Tunnel,West Christina,Georgia,88492
367,367,868 Rogers Cove,East Johnshire,Minnesota,99278
368,368,065 John Junction Suite 319,West Thomas,New Mexico,41614
369,369,622 James Plaza Suite 436,Chelseyhaven,Arizona,74008
370,370,406 Abbott Path Apt. 051,Robertton,Maryland,44490
371,371,1144 Fields Stream Apt. 426,Jenniferchester,Arizona,35190
372,372,59206 Schneider Ferry Suite 417,Weissbury,Arizona,19929
373,373,540 Deborah Valleys Apt. 093,Annchester,Vermont,07822
374,374,851 Williams Park,Masonbury,Missouri,69567
375,375,906 Phillips Vista Suite 715,Ballfort,Wyoming,54435
376,376,0987 Graves Shoals Apt. 597,South Hannah,California,71515
377,377,350 Kelly Crossroad,Howardton,Kentucky,68480
378,378,78221 Mcdonald Route Apt. 749,Lake Davidstad,Virginia,26487
379,379,886 Scott Shore,South Benjamintown,Tennessee,65311
380,380,797 Gray Fords,New Victor,Delaware,80190
381,381,42067 Andrade Haven,Hoganborough,Connecticut,39331
382,382,08486 Miller Cliffs,Janetbury,Wyoming,93221
383,383,057 Frederick Spur Apt. 525,South Bradleyport,Colorado,59414
384,384,6411 Huynh Heights,Matthewburgh,Kentucky,54254
385,385,9617 Singleton Isle Apt. 190,South Jameschester,Florida,36772
386,386,3834 Burke Lock Apt. 353,Port Amytown,Minnesota,21246
387,387,970 Burton Knolls,Vanessastad,Nevada,41518
388,388,837 Jack Lock Suite 236,Lake Tabitha,New Jersey,78985
389,389,75933 Mercer Course Apt. 905,Jacksonview,Maryland,62411
390,390,877 Jacob Highway,North Elizabethborough,Maine,23885
391,391,43046 Weber Route Suite 313,South Miguelbury,Oregon,06198
392,392,135 Elizabeth Locks,Smithstad,Arizona,59612
393,393,53431 Lewis Crescent Apt. 246,Bretttown,Florida,25334
394,394,695 Richard Motorway Suite 786,West Toddmouth,Delaware,87522
395,395,4726 Collins Pass Apt. 455,New William,Kansas,18037
396,396,6046 Costa Parks Apt. 805,Brandonchester,Delaware,86772
397,397,608 Ashley Greens,Stephanieview,Minnesota,22637
398,398,485 Reynolds Prairie,Garciahaven,Virginia,05776
399,399,728 Kelly Fords Apt. 037,West Brianland,Massachusetts,33247
400,400,9663 Michael Canyon Suite 713,Howardfort,Connecticut,38850
401,401,5728 Susan Lane Apt. 091,Hopkinsburgh,Montana,79227
402,402,6235 Leslie Pines,Turnerhaven,Oregon,41429
403,403,4283 Harrison Mills,North Ethanbury,Minnesota,26649
404,404,488 Kline Corner,Port April,Oregon,76134
405,405,54922 Horton Walks Suite 131,West Gregory,Missouri,91332
406,406,756 Megan Burg,Richardland,Florida,57892
407,407,579 Jamie Roads Suite 955,South Christopherbury,Nevada,22806
408,408,927 May Creek,New Kennethville,Oregon,94618
409,409,94340 Brandi Radial,Kellyton,Iowa,87847
410,410,8761 Christina Station,Jennifermouth,Washington,34941
411,411,684 Rodriguez Rest Apt. 618,Lake Anthonyview,Mississippi,41508
412,412,223 Brian Fords Apt. 117,Lake Victoria,Vermont,48809
413,413,81800 Fox Forest Suite 744,Snyderstad,Alaska,77219
414,414,425 Wayne Vista,South Melissa,Washington,33999
415,415,60385 Robert Mountain Apt. 413,New Melissafurt,Idaho,04578
416,416,33668 Bryant Vista Suite 749,Candaceview,New York,14803
417,417,0609 Evans Forks Suite 401,Millerberg,New Jersey,83821
418,418,0843 Mark Centers,Weisstown,Louisiana,93703
419,419,2942 George Falls Suite 650,Tammyview,North Carolina,73191
420,420,94666 Elliott Street Suite 480,East Donstad,Maryland,33295
421,421,4319 White Junction,North Jonathanmouth,Iowa,71138
422,422,45135 Rose Mills,Sherryland,West Virginia,83083
423,423,510 Terri Circles Apt. 420,Sheilaville,North Dakota,30119
424,424,19884 Ryan Gateway Suite 167,Lynchborough,Louisiana,11200
425,425,70253 Alyssa Valley Apt. 342,Gibsonton,Connecticut,05911
426,426,8101 Tommy Springs Suite 315,West Tiffany,New Mexico,02536
427,427,399 Mendez Pike,East Marymouth,Ohio,34574
428,428,330 Calderon Parks,West Jeannebury,Arkansas,04228
429,429,6575 Henderson Run Apt. 988,Bishoptown,New York,50828
430,430,78160 Ray Harbors,Jasonchester,North Carolina,31635
431,431,8384 Sullivan Ridges Suite 037,Gonzalesshire,Montana,13186
432,432,727 Allen Turnpike,New Sherifurt,New Mexico,93715
433,433,1083 Jeffrey Green Suite 574,Jameston,Maryland,66009
434,434,23263 Cameron Grove,Lake Lynn,Connecticut,68622
435,435,79319 Brandi Forest Suite 992,East Corey,Nevada,55929
436,436,685 Jerry Views Apt. 615,New Williamborough,Nevada,07003
437,437,9485 Chad Summit Apt. 860,North Kelly,Idaho,51287
438,438,237 Robinson Way,Melindafurt,Wisconsin,48154
439,439,8724 Aguilar Vista Suite 096,South Angela,Ohio,10369
440,440,00832 Farmer Orchard Suite 687,Andreafort,Georgia,98470
441,441,3687 Elizabeth Row,Bowmanbury,Maryland,55558
442,442,1318 Jessica Freeway Suite 276,New Thomas,Wisconsin,52398
443,443,684 Miranda Motorway,Smithton,Nevada,80976
444,444,26224 Smith Terrace Suite 798,West Ariana,New Hampshire,53081
445,445,19826 Brown Cove,Lake Michaelmouth,Wyoming,02767
446,446,9060 Elizabeth Gardens,Lake Kevin,Michigan,92273
447,447,97075 Megan Cliffs Apt. 223,Port Jillstad,Mississippi,15684
448,448,37016 Thomas Trail,Jaimeport,Wisconsin,54165
449,449,09517 Rachel Coves Suite 618,Luisfurt,Delaware,12137
450,450,098 Wilson Light,Chapmanview,Tennessee,62341
451,451,717 Gallagher Track Apt. 199,South Jeffreyton,Virginia,38341
452,452,382 Turner Flat,South Melanieland,Washington,81879
453,453,24453 Austin Spur Apt. 080,West Jefferyfort,Louisiana,19265
454,454,274 Gaines Cape Apt. 347,Port Carmenview,Virginia,53389
455,455,787 David Vista,Johnsonbury,Vermont,47485
456,456,805 Morris Drives Apt. 966,Lake Hunterton,Oklahoma,95237
457,457,79493 David Club Suite 192,Susanton,California,45273
458,458,8617 Timothy Shoals Apt. 239,Adamshaven,Oregon,80040
459,459,49688 Brian Knolls Apt. 811,Rebekahhaven,Montana,51988
460,460,8470 Anderson Port,Salasport,North Dakota,47457
461,461,3477 Wall Lodge Suite 016,South Ryanland,Iowa,15129
462,462,9528 Phillips Drives Apt. 346,South Marcia,Wisconsin,11963
463,463,96253 Davis Throughway,Lake Conniestad,West Virginia,30310
464,464,278 Melissa Lights Apt. 199,New Ryan,Wisconsin,74315
465,465,98257 Perkins Parks Suite 258,Deleonstad,Ohio,48068
466,466,5537 Mcbride Road Apt. 380,North Bryanton,Hawaii,26924
467,467,77489 Thompson Union,West Shawn,North Carolina,66036
468,468,307 Katherine Shore Apt. 423,Phillipsland,North Carolina,41929
469,469,765 Sarah Terrace,Lake Ashley,New Mexico,59077
470,470,3956 Ortiz Place,Lake Deborahtown,Washington,57832
471,471,740 Andrews Estate,Jamesshire,Maine,81406
472,472,875 Stephanie Manor,Kellyville,Wyoming,11454
473,473,70104 Young Gardens,Robertmouth,Maine,02621
474,474,8087 Jennifer Hills,Hornside,Wisconsin,71472
475,475,08904 Barbara Fork Apt. 261,Millerhaven,Maryland,94880
476,476,9339 Sanchez Field,Morganland,Kentucky,83939
477,477,00757 Shari Mountain Suite 941,Feliciaside,Missouri,67635
478,478,8166 Romero Lock,Pagefurt,Nebraska,79228
479,479,759 Thomas Ways,Simsfort,Nebraska,27457
480,480,792 Bryan Passage Apt. 216,Hannahtown,Idaho,68386
481,481,705 Quinn Course Suite 161,New Victoria,Mississippi,42185
482,482,17806 Solis Motorway,Collinsfurt,Indiana,96490
483,483,2446 Angelica Port Suite 824,Brentchester,Georgia,01844
484,484,600 James Trail,Ericshire,Nebraska,24775
485,485,46082 Jenna Wall,Berryview,North Dakota,39569
486,486,23771 Jonathan Loop,Adamside,Oklahoma,69268
487,487,99452 Linda Spring,North Stevenburgh,Georgia,99932
488,488,93482 Turner Views Apt. 644,Matthewsmouth,Pennsylvania,26193
489,489,6883 Joseph Shoal Suite 241,Elizabethshire,West Virginia,75166
490,490,9424 Joseph Bypass Apt. 738,Millershire,Connecticut,90402
491,491,701 Laura Vista Suite 960,West Jonathantown,Utah,79352
492,492,05906 Brittney Vista Apt. 962,Port Gina,Kentucky,81625
493,493,2414 Hunter Mills Apt. 930,Port Jordan,Nebraska,01249
494,494,056 Autumn Manors,New Sherryborough,Iowa,62671
495,495,99234 Nicholas Divide,Matthewville,Colorado,24118
496,496,450 Kelly Hills,North Dylanburgh,Virginia,59554
497,497,8145 Julia Islands Suite 095,South Cameron,Kentucky,14126
498,498,251 Henry Estate Suite 848,Bradmouth,Wyoming,60161
499,499,5277 Webb Well Apt. 788,Gregoryton,Georgia,27831
500,500,412 Roy Passage,Stephaniemouth,Indiana,23984
501,501,6615 Christopher Circle,South Davidhaven,Minnesota,83594
502,502,59853 Richard Mountain,Josephstad,Alabama,07791
503,503,69845 Rosario Ramp,Johnchester,Hawaii,52948
504,504,78787 Julia Overpass Suite 077,West Renee,Nevada,52898
505,505,87597 Nicole Inlet,Dianeland,Massachusetts,10108
506,506,4685 Rios Village,Port Patricia,Pennsylvania,76107
507,507,6873 Julie Throughway,Morganshire,Kansas,75056
508,508,469 Jonathan Underpass,Justinshire,Tennessee,52533
509,509,520 Bridges Islands Suite 813,Melissahaven,New Mexico,92806
510,510,29336 Anna Locks Suite 086,Jacksonchester,Idaho,77777
511,511,828 Kayla Mountains,Mendozatown,Alabama,80260
512,512,088 Jones Circles,West Christopherport,Texas,78599
513,513,67958 Travis Spur,Lake Randy,North Carolina,17123
514,514,18847 Harvey Centers,Josephmouth,Idaho,47060
515,515,374 Buchanan Spurs Suite 020,West Adriana,Florida,25413
516,516,020 Yolanda Extension Apt. 622,Barnesbury,South Dakota,88470
517,517,968 Joshua Mews,Manuelfort,Kansas,39799
518,518,0895 Patricia Lakes,Lake Timothy,Wyoming,33221
519,519,899 Robert Light Suite 058,Joshuaview,West Virginia,91481
520,520,569 Herrera Station Suite 192,East Tyrone,Rhode Island,56869
521,521,84209 Waller Fields,Alexaville,Hawaii,20877
522,522,1625 Paul Light,East Tracey,Connecticut,58114
523,523,998 Christopher Heights Suite 578,Amystad,Georgia,55503
524,524,4775 Mark Plaza,New Lisamouth,Alabama,17990
525,525,40699 Shelton Dam Suite 865,West Stephanie,Arizona,40210
526,526,85949 Gonzalez Lights Suite 249,Maryborough,California,07684
527,527,00449 Anderson Cliff Apt. 099,East George,Delaware,15232
528,528,3388 Patty River Suite 909,Elliston,Nebraska,09203
529,529,11180 Riley Rapid Apt. 142,Davidchester,Oregon,23506
530,530,1123 Tucker Falls,New Kathryn,South Carolina,38912
531,531,60577 Scott Ville,South Robertaland,Missouri,25644
532,532,2588 Davis Port,Maryport,New York,29172
533,533,3594 Michael Way,Markside,New York,24612
534,534,5449 Richard Lane Apt. 143,Lake Jonathan,Illinois,41427
535,535,691 White Locks,North Michael,Tennessee,05231
536,536,44467 Thompson Estates,South Eileenside,Tennessee,06973
537,537,188 Larson Circle Apt. 178,Ellistown,Florida,72703
538,538,91239 Miller Harbor,Thompsonshire,Mississippi,89292
539,539,5754 Walters Greens Suite 723,East Katherinemouth,Pennsylvania,67649
540,540,73432 Jones Cove Suite 348,Jenniferland,Oregon,75810
541,541,9671 Donald Well,South Andrewbury,New Hampshire,41002
542,542,5298 Allen Square Apt. 949,Murrayside,Minnesota,44107
543,543,2985 Yates Station,New Karenfort,Indiana,29135
544,544,45798 Brittany Crest,New Allisonville,Connecticut,07765
545,545,3022 Brendan Land Suite 433,South Kevin,Vermont,08983
546,546,879 Jamie Road Suite 727,South Brandonborough,Nevada,07083
547,547,83786 Cindy Mount,Kathleenview,Iowa,52663
548,548,321 Gregory Square,Jenniferport,New Mexico,20221
549,549,9256 James Pike,South Devon,Massachusetts,37734
550,550,76119 Jones Island Apt. 077,East Troy,Delaware,01907
551,551,796 Vazquez Lane,Monicatown,Delaware,52410
552,552,13814 Richard Burg,Port Danielview,Kentucky,16851
553,553,45685 Alyssa Ports Apt. 311,Holdenland,Connecticut,14295
554,554,4151 Reese Route,Petersmouth,Oklahoma,38380
555,555,9096 John Circles Apt. 200,South Nathan,Kentucky,39347
556,556,9676 Bryant Rapids,Port Courtney,Vermont,27940
557,557,892 Monica Courts Suite 968,Alexandraport,Nevada,58051
558,558,046 Long Valley,Kimside,Minnesota,18730
559,559,60495 Garcia Bypass,South Melinda,California,76151
560,560,8552 Craig Point Suite 232,Frankhaven,Missouri,96935
561,561,4550 Harris Orchard Apt. 177,Lake Jeremy,Maine,99798
562,562,97010 Ortega Fork,Stephanieton,South Carolina,62293
563,563,9608 Kaiser View Suite 685,Emmaville,Massachusetts,73392
564,564,99624 Emily Brook Apt. 187,East Josemouth,Kansas,05239
565,565,7800 Smith Prairie Apt. 660,East Larryfort,Wyoming,86949
566,566,9512 Laura Plain Apt. 620,Port Barbaratown,Massachusetts,68450
567,567,008 Durham Drive,New Daniel,New Mexico,55174
568,568,6727 Mullins Meadow,Lake Kevin,Kansas,12451
569,569,1142 Travis Canyon Apt. 575,Jamiemouth,New Hampshire,21940
570,570,629 Maynard Gardens,Lake Daniel,Missouri,67463
571,571,695 Lamb Crossing Apt. 313,Robinsonville,Texas,75503
572,572,351 Anderson Prairie Suite 195,West Katherineville,Kansas,90529
573,573,673 Carlson Mountain,Erikberg,Alabama,56857
574,574,12261 Morris Plains Suite 032,Lake Katherinefort,North Dakota,41845
575,575,91499 William Pine,Port Tammyshire,Texas,48335
576,576,91192 Morgan Spurs,Humphreyberg,Rhode Island,74205
577,577,4737 Hannah Roads Suite 766,Shafferland,Ohio,53070
578,578,94774 Kelly Extensions Apt. 979,Lake Brian,Massachusetts,67797
579,579,591 Jennifer Viaduct,Port Nicholas,California,91210
580,580,9866 Taylor Village,Garzahaven,Vermont,77720
581,581,212 Byrd Shores,South Brittanymouth,Georgia,98449
582,582,9566 Estrada Crossroad,Luceroland,Massachusetts,69479
583,583,49885 Wells Streets,South Seantown,Virginia,21438
584,584,1538 Kevin Fort Suite 940,North Lance,Hawaii,40210
585,585,70894 Stephen Locks Suite 542,South Kathleenhaven,Oregon,65967
586,586,1183 Andrew Cliff Suite 763,Harrismouth,Maine,46392
587,587,91146 Sarah Mill,West Michaelborough,Nevada,74947
588,588,2286 Mclaughlin Inlet,North Lindaport,Vermont,40593
589,589,4369 Hanna Freeway Suite 458,Richardsmouth,North Carolina,70417
590,590,2672 Maxwell Mills Apt. 419,Hamptonland,Indiana,31380
591,591,86336 Alisha Port Apt. 864,Hollandfurt,Virginia,13259
592,592,541 Michael Light Suite 922,West Susanberg,Wisconsin,80640
593,593,2073 John Ferry,Jeffreybury,Tennessee,28079
594,594,331 Miller Extension,Harpermouth,Louisiana,76129
595,595,63808 Cathy Pines,North Kimberly,Missouri,36926
596,596,142 Meyer Underpass Suite 345,Cherylchester,Minnesota,70711
597,597,2815 Cole Pass,Calderonchester,Iowa,17740
598,598,70097 David River Apt. 834,Tiffanystad,Tennessee,22869
599,599,606 Cassandra Junction Suite 398,Kathleenhaven,Nebraska,82127
600,600,597 Wade Track Suite 660,Meganland,Kentucky,86659
601,601,661 Warner Spur,New Christopherborough,Arizona,81653
602,602,70371 Jesus Glen Apt. 586,Sanchezview,Nevada,75968
603,603,2775 Adam Plaza Apt. 590,Thompsonside,Alaska,74374
604,604,69469 Warren Mountains Apt. 104,Stewartmouth,Rhode Island,36937
605,605,86035 Tiffany Vista Apt. 034,East Jennifer,Arkansas,41111
606,606,73908 Santos Rapid,Port Adamville,Arizona,81402
607,607,8257 Rachel Roads,Lucasfurt,Utah,63803
608,608,609 Olson Park,South Diane,Texas,86781
609,609,23812 Anderson Crest,Smithside,New Jersey,31979
610,610,2626 Allen Alley Apt. 984,East Thomas,Washington,93891
611,611,64869 Alvarez Lights,Kennethtown,Nevada,91556
612,612,821 Roberts Radial Apt. 381,West Sethtown,Wyoming,60041
613,613,747 Walker View Apt. 560,Amandaside,Iowa,10155
614,614,4614 Sharon River Suite 715,Port Emily,Oklahoma,12336
615,615,572 Kathryn Alley Suite 215,East Paulland,Mississippi,93693
616,616,6927 April Key,North Carrie,Oklahoma,02847
617,617,96515 Sherman Ways,Tammyport,West Virginia,66248
618,618,4752 Brian Mills,Gregfurt,Montana,05345
619,619,99060 David Manor,Cantrellberg,Georgia,88723
620,620,2426 Morris Street,Port William,Nebraska,02680
621,621,1329 Dalton Courts,Lopezfort,Connecticut,78947
622,622,0293 Pearson Bridge,Aguilarhaven,Michigan,31448
623,623,400 Charlene Meadow Apt. 630,Davidview,Wyoming,65825
624,624,31416 Morse Courts,Kennethshire,New York,23213
625,625,18981 Billy Viaduct,Murphytown,Texas,09914
626,626,0033 Donna Viaduct,New John,Wyoming,25800
627,627,327 Hale Shoal Apt. 292,Chadchester,Maryland,70136
628,628,3181 Ware Shores,Lake Melissa,West Virginia,16714
629,629,31875 Shelley Green,Port Karen,Massachusetts,51301
630,630,593 Perez Keys Apt. 069,West Tonya,Delaware,73517
631,631,822 Montes Brooks,New Carrieville,Massachusetts,42229
632,632,91306 Tina Lake,Lake Jenniferside,Kansas,99729
633,633,16983 Pena Fields,South Juliaview,Nevada,45524
634,634,23170 Bobby Route Suite 786,Lake Kimberlyfurt,Georgia,13242
635,635,206 Daniel Landing Suite 348,Rebeccaton,North Dakota,54443
636,636,04706 Campbell Mission Apt. 967,Higginsborough,Hawaii,06946
637,637,519 Sims Fords Suite 261,South Kristina,Louisiana,96037
638,638,12864 Montgomery River Apt. 747,Port Davidfurt,Hawaii,10151
639,639,364 Pierce Loaf Suite 845,Lisafort,New York,61882
640,640,0757 Hill Knoll Apt. 509,Stewartbury,Texas,58948
641,641,14390 Cunningham Curve,New Alexanderfort,Washington,53208
642,642,20280 Kathy Burgs Apt. 372,Jenniferport,California,46014
643,643,865 Penny Crescent Suite 824,Marietown,Arizona,96198
644,644,00427 Rangel Manor,Lake Juliefort,California,68272
645,645,766 Richard Lakes Apt. 034,Floresberg,South Dakota,03707
646,646,162 Jacob Place,Port Daniel,Nevada,61623
647,647,3291 Justin Divide Apt. 391,West Jennifer,West Virginia,81801
648,648,078 Tyler Ferry,Gibsonborough,South Carolina,06513
649,649,851 Rodriguez Lodge,Lake Mario,Ohio,48669
650,650,73017 Glover Streets Suite 848,South Laurie,Washington,73514
651,651,86065 Michael Junctions,South Markchester,Nevada,43532
652,652,6136 Paul Walk,Foleyhaven,Georgia,73966
653,653,03624 Miles Shores,Christianstad,North Dakota,81419
654,654,3825 Gray Stream Suite 036,Gonzalezchester,Colorado,64459
655,655,59817 Campbell Forest,North Leeland,Nebraska,88376
656,656,2996 Villanueva Views,Lake Janet,Nebraska,37573
657,657,280 Wallace Prairie,Flowersport,Washington,08314
658,658,8311 Eric Extension,New Richard,Utah,07278
659,659,1674 Jason Flats,West Melinda,Utah,08371
660,660,282 Gregory Parks,Alyssamouth,Connecticut,29095
661,661,05838 Wallace Heights,West Diamondfurt,Ohio,48781
662,662,780 Robinson Shore Suite 395,New Timothy,Rhode Island,96969
663,663,685 Carter Viaduct,North Kenneth,Indiana,98458
664,664,17805 James Crescent Suite 484,Lake Matthewport,Delaware,84824
665,665,052 Mclean Neck,New Brent,New Hampshire,80276
666,666,45156 Jessica Lock,Rivasfort,Pennsylvania,63760
667,667,95942 Estes Mountain Apt. 614,Lake Ericstad,Kansas,43630
668,668,21459 Smith Parkways Suite 575,Reedport,Maryland,76538
669,669,917 Breanna Mountains Suite 681,Sampsonside,Delaware,63144
670,670,076 Krystal Ferry Suite 773,Gonzalesview,Alaska,32101
671,671,088 Anderson Gardens,Port Stephaniefort,Washington,02665
672,672,71358 Sarah Parks Suite 037,West Susanmouth,Ohio,28277
673,673,404 Ali Grove,North Dean,Utah,24139
674,674,482 Matthew Extensions Apt. 104,West Vanessa,Tennessee,64328
675,675,460 Michelle Course,West Maxland,Vermont,28902
676,676,971 Vaughan Trace,East Danielmouth,Kansas,78774
677,677,98106 Wright Estate Apt. 039,Lake Jasonmouth,Maryland,36096
678,678,6152 Freeman Corners Suite 121,East Charlesstad,Illinois,28260
679,679,9550 Cuevas Streets,Port Tim,South Carolina,77902
680,680,88985 Jones Rue Suite 209,North Allen,Indiana,81725
681,681,760 Tiffany Avenue Suite 755,New Elizabethborough,Massachusetts,14465
682,682,237 Shelly Shoals Apt. 223,Burtonside,Nevada,41060
683,683,93509 Dustin View,Smithmouth,Kentucky,33424
684,684,7625 Wolfe Ville Apt. 706,Randolphport,Utah,95338
685,685,205 Amy Club,North Lori,Washington,67122
686,686,1172 Harris Courts Apt. 480,East Andrew,Nebraska,16808
687,687,0655 Chung Lock,Hallfort,Alabama,21754
688,688,07033 Crawford Pine Apt. 257,Raymondtown,Illinois,00892
689,689,22543 Pamela Station,Port Christopher,North Carolina,76581
690,690,199 Clark Cove Suite 983,Meadowsbury,Alaska,52908
691,691,49791 Wendy Vista,Lake Jeffreyport,Ohio,40938
692,692,237 Steven Tunnel Suite 482,Davidstad,Massachusetts,60577
693,693,00529 Lester Stravenue,Benjaminfort,Minnesota,91903
694,694,040 Susan Plaza,East Kennethshire,Minnesota,89729
695,695,29340 Rebekah Squares Suite 427,Smithfort,California,47155
696,696,24373 Elizabeth Parks,South Nancyview,North Dakota,26536
697,697,867 Jane Radial Suite 508,Patricialand,Maine,53565
698,698,9291 Walker Lane,Sandraburgh,Iowa,36897
699,699,177 Vaughan Plains Suite 731,Arthurburgh,South Carolina,65636
700,700,609 Anne Oval Suite 732,Vaughantown,Iowa,58369
701,701,85789 Wolfe Streets,Lake Joycemouth,Virginia,56464
702,702,2190 Reid Falls,New Brian,South Dakota,06480
703,703,727 Tina Prairie Suite 570,Michaelberg,Maryland,18334
704,704,53049 William Lake,Arnoldville,Louisiana,90318
705,705,8615 Evan Haven,North Katherineton,Nebraska,86792
706,706,936 Ann Hill Apt. 901,East John,Delaware,98941
707,707,529 Cooper Street,South Shawnshire,Utah,19810
708,708,974 Sean Mountains,Lindamouth,Oregon,09370
709,709,8890 Hayes Oval Apt. 574,Sarafort,Kansas,78903
710,710,911 Hicks Summit,Kennethside,Ohio,79829
711,711,1241 Butler Passage Suite 914,West Jasminebury,Rhode Island,67361
712,712,2750 Bryant Villages Suite 741,South Aliciamouth,Colorado,68355
713,713,35773 Hobbs Road Apt. 303,Lunaside,Kentucky,68188
714,714,96769 Johnson Ports,Armstrongland,Mississippi,01998
715,715,764 Danny Alley Apt. 368,South Garyton,Kansas,28940
716,716,19710 Martha Mountains Apt. 488,South Autumnburgh,Wisconsin,83037
717,717,91504 Chandler Road,East Juanburgh,North Dakota,45098
718,718,623 Romero Stream Apt. 602,New Pamela,Vermont,40720
719,719,958 Johnson Coves,Danielhaven,Tennessee,74960
720,720,7306 Pugh Ways,New Tylershire,Delaware,47377
721,721,90464 Matthew Canyon Suite 169,Port Wayne,Kansas,01131
722,722,210 Michael Village Apt. 299,Monroechester,South Dakota,16635
723,723,57699 Hodges Throughway,Duranton,New Hampshire,74476
724,724,515 Wilkins Fords Apt. 334,Shawnport,Ohio,78812
725,725,614 Vargas Lane Apt. 935,Amberton,Colorado,26879
726,726,83267 Smith Street Suite 859,South Jeff,Connecticut,75645
727,727,674 Dana Stravenue Apt. 933,South Stevenshire,Washington,92573
728,728,537 Sabrina Cliff,Port Kevinstad,Wisconsin,79833
729,729,40405 Mary Ways,Port Stephaniefurt,Oklahoma,99540
730,730,6956 Gillespie Mountain,New Kimberlytown,Virginia,32320
731,731,73393 Sonya Junction Apt. 978,Allenhaven,Massachusetts,30153
732,732,92950 Timothy Ville,West Teresatown,Washington,46676
733,733,2780 Gregory Roads Suite 013,Clarencefurt,California,44541
734,734,44851 Kimberly Plains,Port Joshuahaven,Alaska,98465
735,735,1791 Christina Circles Apt. 637,Jasonburgh,Arkansas,87500
736,736,8251 Joshua Branch Apt. 157,Lake Lisa,Pennsylvania,89696
737,737,78901 Gates Mission,West Danielfurt,Kansas,89483
738,738,938 Jenkins Course,New Douglas,Wyoming,40217
739,739,672 Kimberly Stream,South William,Massachusetts,19693
740,740,606 Shepherd Lock,Laurenside,Wyoming,98290
741,741,15599 Higgins Mills Suite 537,Nicoleborough,Mississippi,48009
742,742,54177 Estes Turnpike Suite 768,Beckyview,Vermont,64592
743,743,79977 Mitchell Street Suite 504,South Anthonyport,Louisiana,10035
744,744,6562 Vickie River Apt. 029,Jennifermouth,New York,35187
745,745,71905 Robles Canyon,Port Josephfurt,Utah,29369
746,746,39130 Paul Ramp,Jessicaside,Arkansas,86956
747,747,604 Nathan Isle Suite 703,New Matthew,Oregon,04865
748,748,69478 Nicholas Lock,South Ryan,Delaware,21742
749,749,5423 Vargas Crossing,North Katherine,Missouri,45131
750,750,6991 Samantha Squares Apt. 394,Perrystad,Massachusetts,17892
751,751,2443 Everett Extension Apt. 633,Port Sharonhaven,Alabama,79729
752,752,7115 Ward Manor,Joanneburgh,Kansas,08767
753,753,7714 Olson Villages,Mcfarlandhaven,Alabama,35021
754,754,82967 Catherine Rapids,North Lori,Alaska,17036
755,755,594 Nelson Station,Lake Linda,Idaho,45954
756,756,366 Benjamin Prairie,North Stanleychester,Nevada,53348
757,757,0594 Herring Greens Suite 544,Baileymouth,New Mexico,65303
758,758,63480 Rosario Pass,New Lisamouth,Mississippi,57887
759,759,2035 Kimberly Stravenue Apt. 284,Port Thomas,Tennessee,37162
760,760,6510 Donald View,North Markbury,Ohio,80594
761,761,4611 Evan Trace,Mooreside,Illinois,59638
762,762,737 Davis Via Apt. 779,North April,Maine,91591
763,763,592 Murphy Islands,Walkermouth,Hawaii,65285
764,764,99453 Chambers Neck Suite 074,North Phillip,Pennsylvania,99369
765,765,5525 Kane Corner,South Markberg,Florida,61108
766,766,759 Tapia Street Suite 718,North Nancy,Nebraska,58049
767,767,7538 Miller Street,Frazierport,Ohio,53653
768,768,9667 James Vista,North Sylvia,North Carolina,83132
769,769,4711 Jaclyn Crescent Apt. 484,Jacobsside,Tennessee,37266
770,770,67316 Jason Heights,Alexandrabury,Alaska,43120
771,771,66873 Davis Ridges Suite 587,Leblancbury,Iowa,66338
772,772,14011 Harris Viaduct Apt. 898,Emilyport,Iowa,95695
773,773,9187 Christy Prairie Apt. 734,Kingport,New Hampshire,91984
774,774,029 Duane Burgs Suite 488,Bonnieberg,South Carolina,42490
775,775,7027 Zachary Squares Suite 716,West Ashleyborough,Idaho,74051
776,776,157 Avery Lodge,Franklinstad,Alaska,12248
777,777,275 Diaz Summit,New Christopherstad,Texas,58147
778,778,65368 Paul Forge Suite 533,West Timothyfurt,Maine,17328
779,779,39687 Sean Lodge Apt. 554,Sarahmouth,Wisconsin,60603
780,780,208 David Lock Apt. 957,Port Ryanville,Alabama,19351
781,781,2367 Phillip Branch Apt. 135,Port Luke,Pennsylvania,01654
782,782,9851 Liu Cape,New Christinaport,Vermont,78169
783,783,967 Schneider Court Suite 843,Gonzalezton,Rhode Island,12654
784,784,66510 Kimberly Land Suite 052,New Robertborough,Georgia,43176
785,785,79762 Clark Squares Apt. 022,Daniellehaven,Wyoming,42351
786,786,5199 Donna Trail,Christopherfurt,North Dakota,53678
787,787,981 Russell Port Suite 183,Port Brianside,Indiana,97502
788,788,548 Martinez Locks Suite 727,Port Bryan,Louisiana,96433
789,789,098 Lauren Isle Suite 737,West Alec,West Virginia,54093
790,790,190 Riley Gateway,Fordmouth,Virginia,12786
791,791,4019 Stewart Lock,East Andrewborough,Arkansas,57190
792,792,023 Megan Locks,West Shelly,New York,51826
793,793,50710 Sloan Views,Manningside,Arizona,64666
794,794,7085 Chang Pine,Shahmouth,Ohio,10594
795,795,6278 Courtney Expressway,Brownfurt,New Hampshire,68612
796,796,191 Stacey Pike,Debraborough,Arkansas,06788
797,797,7350 Timothy Parks,East James,Kentucky,05435
798,798,72793 Kevin Knolls,Steinburgh,Iowa,57499
799,799,47669 Matthew Ways,Lake Chris,South Dakota,80828
800,800,8177 Martinez Prairie,East Randyfurt,Kentucky,61680
801,801,3093 Monica Vista,Brianland,Pennsylvania,62463
802,802,79295 Solis Drive,Lake Devin,Louisiana,84024
803,803,4500 Cindy Mission,South Lindaland,Kentucky,05489
804,804,5823 Willie Parkways,South Kristinafurt,New Mexico,82806
805,805,357 Jeffrey Springs,Sarahfort,Louisiana,03349
806,806,29924 Lawrence Lakes Suite 192,New Mackenzieton,Oregon,23078
807,807,54725 Amanda Summit Apt. 192,Tiffanyport,North Dakota,73531
808,808,9880 Cline Streets,Gregoryhaven,Massachusetts,93347
809,809,57209 Kyle Mission,Andersonland,Nevada,94505
810,810,56187 Spears Flat,West Kristinchester,Minnesota,37996
811,811,58033 Cobb Mountains Apt. 320,Port Timothy,Florida,89480
812,812,7873 Thomas Square Suite 648,Stuartport,Virginia,96566
813,813,926 Lawrence Island,Lake Daniel,Alaska,34484
814,814,7723 Bauer Courts Suite 976,Brendashire,Indiana,66781
815,815,15692 Young Loaf,Thomasview,Nebraska,94591
816,816,2503 Curtis Fort,Lake Kayla,Idaho,59804
817,817,38948 Angela Land Suite 233,Lake Sarah,Arizona,00580
818,818,3212 Paul Ford Apt. 980,Port Ambershire,Georgia,24252
819,819,8695 Whitney Radial Apt. 366,Shaneshire,Massachusetts,12729
820,820,45966 Brooke Union Apt. 754,Zunigatown,Alabama,84057
821,821,88936 David Squares Apt. 919,Josephville,New Jersey,28681
822,822,04799 Lisa Mountains,New Jennifer,Oklahoma,57260
823,823,257 Anthony Village,Lake Micheal,Rhode Island,12380
824,824,093 Lee Bridge,Horneburgh,West Virginia,49802
825,825,6346 Black Dam Apt. 150,Bauerbury,Washington,38785
826,826,00754 Edwin Plaza Apt. 525,North Kathleen,Maine,82057
827,827,1947 Williams Plaza,Riverashire,New Mexico,83095
828,828,2808 Wright Orchard Apt. 899,Joshuashire,Maine,92288
829,829,120 Monica Falls Apt. 274,North Christopher,Oklahoma,72629
830,830,962 Ruth Via,North Alexander,Nebraska,93985
831,831,3195 Antonio Brook,Savannahhaven,Wisconsin,12128
832,832,88827 Carol Street Suite 353,East Kelly,West Virginia,28591
833,833,54081 Brianna Trail,Port Brenttown,Oregon,03660
834,834,57300 Nicole Lodge Apt. 001,Mcleanton,Ohio,10993
835,835,3226 Peck Plaza Suite 699,Petersland,Maryland,71579
836,836,83068 Justin Trace Suite 520,Lake Stevechester,Missouri,93125
837,837,040 Peters Underpass,West Barbarafurt,Texas,59814
838,838,024 Morgan Way,North Justin,Nebraska,94025
839,839,7613 Collins Ranch Apt. 722,Larryshire,Connecticut,19707
840,840,3691 Pierce Mountains Suite 507,Richardstown,Virginia,93156
841,841,56338 Daniel Circle Apt. 717,New Samanthashire,Florida,73458
842,842,7220 Darrell Mall Apt. 725,Matthewhaven,Hawaii,92829
843,843,862 David Garden,West Susan,South Dakota,81515
844,844,22689 Mcintyre Village,North Ginaton,Wyoming,19994
845,845,59960 Jonathon Point Suite 283,Willisshire,Pennsylvania,71233
846,846,094 Laura Via Suite 713,Rogersberg,Indiana,97772
847,847,50236 Roy Islands,Soniachester,Washington,64814
848,848,06395 Johnson Tunnel,West Lisabury,Mississippi,15812
849,849,8970 Christopher Forge Apt. 447,North Mark,New Jersey,48651
850,850,87177 Reynolds Unions,New Alexanderport,West Virginia,05186
851,851,254 James Views,Harrisshire,Florida,92586
852,852,919 Watkins Mall Suite 579,North Amystad,Alaska,09371
853,853,442 Kylie Run Apt. 714,Lake Andrewton,Mississippi,86063
854,854,96080 John Highway,East Kelly,West Virginia,48392
855,855,81471 Reynolds Viaduct Suite 964,Nancymouth,Iowa,13329
856,856,9306 Jeffrey Village Apt. 117,Port Brandy,Oklahoma,46518
857,857,36810 Harvey Track,Flynntown,Arkansas,60705
858,858,480 Moore Corner,Ryanland,Iowa,50691
859,859,090 Stacey Inlet Suite 875,Schwartzmouth,New Mexico,16210
860,860,56386 Bradley Shore,Emilyberg,Wyoming,11316
861,861,485 Miller Harbors,Bradleyberg,Nevada,02330
862,862,28787 Zachary Spring Apt. 392,Atkinsside,Hawaii,08341
863,863,581 Wilson Landing Suite 540,Port Tammy,North Dakota,18089
864,864,876 Gordon Forest Apt. 174,East Cynthia,Virginia,63420
865,865,2066 Anderson Forges Apt. 744,Butlerburgh,Montana,38792
866,866,73760 Dawn Tunnel,Port Priscilla,Idaho,10504
867,867,93320 Sparks Ways,Carterville,Pennsylvania,69726
868,868,683 Smith Lights Suite 387,West William,Iowa,64825
869,869,262 Stephen Gateway Suite 460,West Luketon,Delaware,26453
870,870,4107 Herrera Highway Apt. 573,Lake Derek,Maryland,57161
871,871,87386 Sherman Island,Penningtonbury,Georgia,57608
872,872,28295 May Spurs Suite 187,Port Nicoleville,Pennsylvania,23325
873,873,44038 Allen Ports Apt. 743,Davisburgh,Kansas,50737
874,874,268 Ramsey Wells Apt. 290,Port Gregoryview,Oregon,20537
875,875,078 Sandra Junctions,North Danielberg,Florida,64316
876,876,5714 Solis Meadow Suite 142,East Christine,Minnesota,44828
877,877,12424 Kenneth Radial,Dorischester,New Hampshire,05346
878,878,44751 Tyler Inlet,Yatesfort,Massachusetts,29192
879,879,553 Stacey Views,Gomezmouth,Rhode Island,70031
880,880,045 Natalie Flats Apt. 811,Nancystad,Virginia,40130
881,881,0681 Mark Street Suite 926,North Cameron,Utah,81327
882,882,2190 Carrie Cliffs,Myersside,Illinois,60500
883,883,970 Tiffany Pine,Port Jessicachester,Vermont,43531
884,884,10208 Courtney Roads Apt. 414,Lauriestad,Nevada,74749
885,885,69391 David Greens Suite 507,North Alex,Minnesota,09692
886,886,17987 Powell Springs Suite 087,Melissaberg,New Hampshire,10893
887,887,96875 Sandra Mills Apt. 276,Kennedyland,Massachusetts,98571
888,888,8794 Stacey Locks Suite 873,Heathershire,Montana,08416
889,889,9378 Richard Stream Suite 994,North Brandon,Tennessee,36445
890,890,982 Travis Isle,Anthonyside,Massachusetts,37397
891,891,0424 Johnson Manor Suite 425,Kevinland,Michigan,25496
892,892,15506 Ricky Mountain Suite 184,Newmanville,Louisiana,99078
893,893,173 Glenn Summit Apt. 017,Dianaport,Massachusetts,25610
894,894,47108 Lawrence Hills Apt. 476,South James,New Hampshire,47028
895,895,0870 Melissa Walks Suite 534,Chelseaville,Washington,13785
896,896,909 Joseph Parkway Apt. 123,North Steven,Montana,97765
897,897,305 Lopez Trace,Brettchester,Arizona,51787
898,898,0124 Curtis Cliffs Apt. 117,Port Donnaton,South Dakota,59877
899,899,369 Casey Locks,North John,Delaware,11711
900,900,5606 Nicole Drives,Robertsonland,Nebraska,37174
901,901,5701 Ronald Station,Lake Ryanville,Wyoming,94337
902,902,033 Kaitlin Crescent,Port Lindsey,Connecticut,36058
903,903,2737 Alvarado Courts,West Emily,Oregon,54005
904,904,617 Miller Park,Marystad,New Hampshire,33300
905,905,8104 James Meadow Suite 438,Lake Robert,Delaware,13969
906,906,87084 Morrison View,Port Stevenville,Arizona,13270
907,907,4144 Mccall Common,Lake Mark,California,05562
908,908,5920 Jamie Radial Suite 540,West Michaelfurt,Pennsylvania,59613
909,909,87988 Torres Ridge,Burkeport,Nebraska,38455
910,910,6518 Jordan Lights Suite 344,New Connieshire,Washington,40016
911,911,44869 Hooper Fields,West Misty,West Virginia,09575
912,912,02707 George Pines,Moralesland,Missouri,46261
913,913,112 Hardin Square Apt. 231,East Sandy,North Dakota,65611
914,914,3160 Ronald Manors,Lake Michael,Missouri,78148
915,915,845 Heather Drive Apt. 073,Port Patrick,Kentucky,27904
916,916,63862 Williams Square Apt. 465,Port David,California,59691
917,917,296 Renee Wall Suite 942,Gutierrezstad,Idaho,75918
918,918,6081 Duncan Forks,Stevenhaven,Missouri,79637
919,919,69120 Mcknight Center Apt. 182,Brendamouth,Vermont,78363
920,920,443 Stewart Tunnel Suite 400,North Brianburgh,Georgia,04363
921,921,100 Olson Glens Apt. 449,Allenland,Oklahoma,37916
922,922,20406 Sydney Tunnel,Port John,South Carolina,19750
923,923,607 Williamson Mews Apt. 029,Brittneyhaven,Rhode Island,71655
924,924,4421 Angela Causeway Suite 599,South Connie,Montana,92679
925,925,8937 Watson Cape Apt. 397,Port Collinberg,South Dakota,14715
926,926,57610 Lisa Shoal Suite 563,North Christopherland,Wisconsin,11213
927,927,57787 Peter Courts Apt. 219,North Jamie,Nevada,67899
928,928,07740 Green Unions Suite 305,Davidchester,Tennessee,48276
929,929,84623 Gutierrez Orchard Apt. 357,South Alexanderland,Colorado,70938
930,930,8122 Martinez Pines Suite 930,Victorland,Arkansas,89966
931,931,6173 Richard Green,South Allisonton,New Mexico,36788
932,932,9054 James Parks,Frankberg,Louisiana,21884
933,933,3163 Joseph Cliffs Apt. 580,South Markbury,Maine,45821
934,934,859 Hill Isle Suite 762,Roychester,North Dakota,53717
935,935,99306 Crystal Land,Smithstad,Mississippi,81756
936,936,15406 Nicholson Mills,South Briannaport,Utah,38661
937,937,52192 Elizabeth View,West Benjaminview,Utah,86602
938,938,9722 Jason Field,East Ritaview,New Hampshire,23001
939,939,361 Samantha Forks Apt. 280,Thompsonville,Massachusetts,52591
940,940,716 Lewis Flat Apt. 281,Andrewbury,Oregon,85701
941,941,294 Mitchell Locks Apt. 599,Angelaville,Alabama,70889
942,942,361 Vargas Fall Apt. 695,Nicholsside,Ohio,18725
943,943,270 Susan Unions Apt. 426,Port Benjamin,Texas,63703
944,944,012 Ashley Locks,East Kathrynville,Ohio,87253
945,945,657 Davenport Union,West Donaldstad,Massachusetts,25900
946,946,8727 Neal Course Apt. 439,Juarezside,California,34858
947,947,7996 Jeremy Lane,Yuton,Oklahoma,46635
948,948,8453 Christopher Walks Apt. 478,South Melissabury,South Dakota,08901
949,949,1103 John Tunnel,Lake John,Idaho,50709
950,950,4523 Christopher Courts Apt. 885,Kellyshire,South Dakota,99105
951,951,588 Lawrence Centers Suite 382,West Cynthia,Arkansas,11526
952,952,6811 Reid Inlet,North Madison,Kansas,28636
953,953,713 Sarah Forges Suite 923,New Heather,Montana,84356
954,954,8967 Terri Gateway,Matthewland,Utah,40391
955,955,804 Wolf Prairie Suite 964,Hallbury,Texas,34760
956,956,14166 Brown Crest,South Mindyview,Alaska,19758
957,957,383 Jimenez Burg,Shepardport,South Carolina,28828
958,958,617 Alexander Ville Suite 904,East Laurafort,Maryland,03412
959,959,8705 Smith Way,Port Alvin,Missouri,83449
960,960,002 Morris Roads,Ryanland,Illinois,55983
961,961,496 Erica Ramp Suite 705,North Jenny,North Dakota,56262
962,962,15622 Gary Ways,Wrightport,North Carolina,76354
963,963,70956 Patricia Motorway Suite 589,Hamiltonstad,Montana,41902
964,964,58823 Hart Highway,New Virginia,California,22639
965,965,08869 Browning Coves,Wilsonville,South Carolina,97112
966,966,7623 Fox Land,Gomezmouth,Alabama,54819
967,967,8276 Jordan Crest,Port Donnafort,Connecticut,49356
968,968,63406 Samantha Drive,Port Tanner,New Mexico,21279
969,969,00936 Charles Park,New Todd,New York,02127
970,970,695 Patrick Neck Apt. 849,Petersmouth,North Dakota,39332
971,971,81403 Ashley Fords,Amandamouth,South Carolina,22157
972,972,005 Jessica Oval,Lake Stephenland,North Carolina,28945
973,973,471 Meagan Brooks Apt. 283,Leeside,Maryland,34404
974,974,6087 Elizabeth Road,West Deanna,Washington,70494
975,975,218 Mathew Club Suite 185,South Ronnieshire,Wyoming,89800
976,976,061 Mathews Freeway Apt. 545,Tonyaton,Maine,26183
977,977,303 Orozco Crossing Suite 820,Port Alexanderland,Georgia,52760
978,978,35297 Phillips Pines Suite 870,New Sandra,Iowa,34490
979,979,128 Debbie Avenue Suite 990,Thomasborough,Ohio,16166
980,980,36069 Bell Forks,Smithborough,Wisconsin,52190
981,981,037 Eric Plains Suite 256,West Brendaport,Rhode Island,21654
982,982,925 Washington Summit Suite 907,Keymouth,Arizona,72953
983,983,409 Scott Forest Apt. 175,Lake Ryanton,Vermont,48398
984,984,908 Weaver Freeway Apt. 241,Kevinville,Texas,15794
985,985,573 Laura Center,Brownfurt,Washington,01156
986,986,4742 Chambers Estates,Kaylastad,Idaho,77673
987,987,815 Matthew Turnpike,Kimberlyport,New York,15807
988,988,0838 Thomas Haven,South Brenthaven,Oregon,71376
989,989,6307 Mcdonald Rest,New Debbie,Louisiana,57347
990,990,72225 Peters Avenue Apt. 719,Lake Wendy,Tennessee,50079
991,991,6625 Lopez Locks Apt. 048,Port Hannah,West Virginia,44042
992,992,585 Lucas Center,East Julie,Alaska,32552
993,993,5390 Wilson Parks Suite 322,North Kyle,North Dakota,56937
994,994,15202 Jensen Cape,North Andre,Minnesota,03374
995,995,9899 Sarah Flats,New Jeffreyland,Ohio,07844
996,996,067 Saunders Terrace Apt. 661,Kelleychester,Idaho,74179
997,997,091 Tracy Manors Suite 454,Jacksonside,Tennessee,27090
998,998,6082 Garrison Knoll Apt. 652,Lake Christopher,Pennsylvania,91339
999,999,89290 Green Course Apt. 686,Walkerstad,New York,85860
1000,1000,7878 Morrison Walks,West Micheleshire,Mississippi,96256
